code,goal_code,level,name,package_price_kzt,test_code,label
for_myself_min,for_myself,min,Для себя · Минимум,,therapy,required
for_myself_min,for_myself,min,Для себя · Минимум,,oak,required
for_myself_min,for_myself,min,Для себя · Минимум,,biochem,required
for_myself_min,for_myself,min,Для себя · Минимум,,tsh,required
for_myself_min,for_myself,min,Для себя · Минимум,,ecg,required
for_myself_min,for_myself,min,Для себя · Минимум,,us_abd,required
for_myself_min,for_myself,min,Для себя · Минимум,,fluoro,required
for_myself_rec,for_myself,rec,Для себя · Рекомендуем,,therapy,required
for_myself_rec,for_myself,rec,Для себя · Рекомендуем,,oak,required
for_myself_rec,for_myself,rec,Для себя · Рекомендуем,,biochem,required
for_myself_rec,for_myself,rec,Для себя · Рекомендуем,,tsh,required
for_myself_rec,for_myself,rec,Для себя · Рекомендуем,,t4,required
for_myself_rec,for_myself,rec,Для себя · Рекомендуем,,ferr,recommended
for_myself_rec,for_myself,rec,Для себя · Рекомендуем,,vitd,recommended
for_myself_rec,for_myself,rec,Для себя · Рекомендуем,,crp,recommended
for_myself_rec,for_myself,rec,Для себя · Рекомендуем,,ecg,required
for_myself_rec,for_myself,rec,Для себя · Рекомендуем,,us_abd,required
for_myself_rec,for_myself,rec,Для себя · Рекомендуем,,us_thyroid,recommended
for_myself_rec,for_myself,rec,Для себя · Рекомендуем,,fluoro,required
for_myself_rec,for_myself,rec,Для себя · Рекомендуем,,dental,optional
for_myself_max,for_myself,max,Для себя · Максимум,,therapy,required
for_myself_max,for_myself,max,Для себя · Максимум,,oak,required
for_myself_max,for_myself,max,Для себя · Максимум,,biochem,required
for_myself_max,for_myself,max,Для себя · Максимум,,tsh,required
for_myself_max,for_myself,max,Для себя · Максимум,,t4,required
for_myself_max,for_myself,max,Для себя · Максимум,,ferr,recommended
for_myself_max,for_myself,max,Для себя · Максимум,,vitd,recommended
for_myself_max,for_myself,max,Для себя · Максимум,,fe,recommended
for_myself_max,for_myself,max,Для себя · Максимум,,hba1c,recommended
for_myself_max,for_myself,max,Для себя · Максимум,,ldl,recommended
for_myself_max,for_myself,max,Для себя · Максимум,,tg,recommended
for_myself_max,for_myself,max,Для себя · Максимум,,crp,recommended
for_myself_max,for_myself,max,Для себя · Максимум,,ecg,required
for_myself_max,for_myself,max,Для себя · Максимум,,us_abd,required
for_myself_max,for_myself,max,Для себя · Максимум,,us_thyroid,recommended
for_myself_max,for_myself,max,Для себя · Максимум,,fluoro,required
for_myself_max,for_myself,max,Для себя · Максимум,,dental,optional
for_myself_max,for_myself,max,Для себя · Максимум,,dermo,optional
for_myself_max,for_myself,max,Для себя · Максимум,,femoral,optional
pregnancy_f_min,pregnancy_f,min,Планирование (Ж) · Минимум,,gyn,required
pregnancy_f_min,pregnancy_f,min,Планирование (Ж) · Минимум,,cyto,required
pregnancy_f_min,pregnancy_f,min,Планирование (Ж) · Минимум,,us_mt,required
pregnancy_f_min,pregnancy_f,min,Планирование (Ж) · Минимум,,oak,required
pregnancy_f_min,pregnancy_f,min,Планирование (Ж) · Минимум,,ab0,required
pregnancy_f_min,pregnancy_f,min,Планирование (Ж) · Минимум,,rh,required
pregnancy_f_rec,pregnancy_f,rec,Планирование (Ж) · Рекомендуем,,gyn,required
pregnancy_f_rec,pregnancy_f,rec,Планирование (Ж) · Рекомендуем,,cyto,required
pregnancy_f_rec,pregnancy_f,rec,Планирование (Ж) · Рекомендуем,,us_mt,required
pregnancy_f_rec,pregnancy_f,rec,Планирование (Ж) · Рекомендуем,,oak,required
pregnancy_f_rec,pregnancy_f,rec,Планирование (Ж) · Рекомендуем,,tsh,required
pregnancy_f_rec,pregnancy_f,rec,Планирование (Ж) · Рекомендуем,,glu,required
pregnancy_f_rec,pregnancy_f,rec,Планирование (Ж) · Рекомендуем,,ferr,recommended
pregnancy_f_rec,pregnancy_f,rec,Планирование (Ж) · Рекомендуем,,vitd,recommended
pregnancy_f_rec,pregnancy_f,rec,Планирование (Ж) · Рекомендуем,,ab0,required
pregnancy_f_rec,pregnancy_f,rec,Планирование (Ж) · Рекомендуем,,rh,required
pregnancy_f_rec,pregnancy_f,rec,Планирование (Ж) · Рекомендуем,,torch,recommended
pregnancy_f_rec,pregnancy_f,rec,Планирование (Ж) · Рекомендуем,,infect,recommended
pregnancy_f_rec,pregnancy_f,rec,Планирование (Ж) · Рекомендуем,,consult_preg,recommended
pregnancy_f_max,pregnancy_f,max,Планирование (Ж) · Максимум,,gyn,required
pregnancy_f_max,pregnancy_f,max,Планирование (Ж) · Максимум,,cyto,required
pregnancy_f_max,pregnancy_f,max,Планирование (Ж) · Максимум,,us_mt,required
pregnancy_f_max,pregnancy_f,max,Планирование (Ж) · Максимум,,oak,required
pregnancy_f_max,pregnancy_f,max,Планирование (Ж) · Максимум,,biochem,required
pregnancy_f_max,pregnancy_f,max,Планирование (Ж) · Максимум,,tsh,required
pregnancy_f_max,pregnancy_f,max,Планирование (Ж) · Максимум,,t4,required
pregnancy_f_max,pregnancy_f,max,Планирование (Ж) · Максимум,,glu,required
pregnancy_f_max,pregnancy_f,max,Планирование (Ж) · Максимум,,hba1c,recommended
pregnancy_f_max,pregnancy_f,max,Планирование (Ж) · Максимум,,ferr,recommended
pregnancy_f_max,pregnancy_f,max,Планирование (Ж) · Максимум,,vitd,recommended
pregnancy_f_max,pregnancy_f,max,Планирование (Ж) · Максимум,,fe,recommended
pregnancy_f_max,pregnancy_f,max,Планирование (Ж) · Максимум,,ab0,required
pregnancy_f_max,pregnancy_f,max,Планирование (Ж) · Максимум,,rh,required
pregnancy_f_max,pregnancy_f,max,Планирование (Ж) · Максимум,,torch,recommended
pregnancy_f_max,pregnancy_f,max,Планирование (Ж) · Максимум,,infect,recommended
pregnancy_f_max,pregnancy_f,max,Планирование (Ж) · Максимум,,us_thyroid,optional
pregnancy_f_max,pregnancy_f,max,Планирование (Ж) · Максимум,,fluoro,optional
pregnancy_f_max,pregnancy_f,max,Планирование (Ж) · Максимум,,consult_preg,recommended
pregnancy_m_min,pregnancy_m,min,Планирование (М) · Минимум,,andro,required
pregnancy_m_min,pregnancy_m,min,Планирование (М) · Минимум,,sperm,required
pregnancy_m_min,pregnancy_m,min,Планирование (М) · Минимум,,oak,required
pregnancy_m_min,pregnancy_m,min,Планирование (М) · Минимум,,ab0,required
pregnancy_m_min,pregnancy_m,min,Планирование (М) · Минимум,,rh,required
pregnancy_m_rec,pregnancy_m,rec,Планирование (М) · Рекомендуем,,andro,required
pregnancy_m_rec,pregnancy_m,rec,Планирование (М) · Рекомендуем,,sperm,required
pregnancy_m_rec,pregnancy_m,rec,Планирование (М) · Рекомендуем,,oak,required
pregnancy_m_rec,pregnancy_m,rec,Планирование (М) · Рекомендуем,,biochem,recommended
pregnancy_m_rec,pregnancy_m,rec,Планирование (М) · Рекомендуем,,glu,required
pregnancy_m_rec,pregnancy_m,rec,Планирование (М) · Рекомендуем,,tsh,recommended
pregnancy_m_rec,pregnancy_m,rec,Планирование (М) · Рекомендуем,,ferr,recommended
pregnancy_m_rec,pregnancy_m,rec,Планирование (М) · Рекомендуем,,vitd,recommended
pregnancy_m_rec,pregnancy_m,rec,Планирование (М) · Рекомендуем,,ab0,required
pregnancy_m_rec,pregnancy_m,rec,Планирование (М) · Рекомендуем,,rh,required
pregnancy_m_rec,pregnancy_m,rec,Планирование (М) · Рекомендуем,,infect,recommended
pregnancy_m_rec,pregnancy_m,rec,Планирование (М) · Рекомендуем,,consult_preg,optional
pregnancy_m_max,pregnancy_m,max,Планирование (М) · Максимум,,andro,required
pregnancy_m_max,pregnancy_m,max,Планирование (М) · Максимум,,sperm,required
pregnancy_m_max,pregnancy_m,max,Планирование (М) · Максимум,,oak,required
pregnancy_m_max,pregnancy_m,max,Планирование (М) · Максимум,,biochem,required
pregnancy_m_max,pregnancy_m,max,Планирование (М) · Максимум,,glu,required
pregnancy_m_max,pregnancy_m,max,Планирование (М) · Максимум,,hba1c,recommended
pregnancy_m_max,pregnancy_m,max,Планирование (М) · Максимум,,tsh,recommended
pregnancy_m_max,pregnancy_m,max,Планирование (М) · Максимум,,t4,optional
pregnancy_m_max,pregnancy_m,max,Планирование (М) · Максимум,,ferr,recommended
pregnancy_m_max,pregnancy_m,max,Планирование (М) · Максимум,,vitd,recommended
pregnancy_m_max,pregnancy_m,max,Планирование (М) · Максимум,,ab0,required
pregnancy_m_max,pregnancy_m,max,Планирование (М) · Максимум,,rh,required
pregnancy_m_max,pregnancy_m,max,Планирование (М) · Максимум,,infect,recommended
pregnancy_m_max,pregnancy_m,max,Планирование (М) · Максимум,,us_thyroid,optional
pregnancy_m_max,pregnancy_m,max,Планирование (М) · Максимум,,fluoro,optional
pregnancy_m_max,pregnancy_m,max,Планирование (М) · Максимум,,ecg,optional
cert_075_min,cert_075,min,Справка 075 · Базовый,,therapy,required
cert_075_min,cert_075,min,Справка 075 · Базовый,,fluoro,required
cert_075_min,cert_075,min,Справка 075 · Базовый,,ecg,required
cert_075_min,cert_075,min,Справка 075 · Базовый,,oak,required
cert_075_min,cert_075,min,Справка 075 · Базовый,,glu,required
cert_075_min,cert_075,min,Справка 075 · Базовый,,dental,required
cert_075_min,cert_075,min,Справка 075 · Базовый,,dermo,required
cert_075_rec,cert_075,rec,Справка 075 · Рекомендуем,,therapy,required
cert_075_rec,cert_075,rec,Справка 075 · Рекомендуем,,fluoro,required
cert_075_rec,cert_075,rec,Справка 075 · Рекомендуем,,ecg,required
cert_075_rec,cert_075,rec,Справка 075 · Рекомендуем,,oak,required
cert_075_rec,cert_075,rec,Справка 075 · Рекомендуем,,glu,required
cert_075_rec,cert_075,rec,Справка 075 · Рекомендуем,,dental,required
cert_075_rec,cert_075,rec,Справка 075 · Рекомендуем,,dermo,required
cert_075_rec,cert_075,rec,Справка 075 · Рекомендуем,,biochem,recommended
cert_075_rec,cert_075,rec,Справка 075 · Рекомендуем,,us_abd,recommended
cert_075_rec,cert_075,rec,Справка 075 · Рекомендуем,,crp,recommended
cert_075_max,cert_075,max,Справка 075 · Максимум,,therapy,required
cert_075_max,cert_075,max,Справка 075 · Максимум,,fluoro,required
cert_075_max,cert_075,max,Справка 075 · Максимум,,ecg,required
cert_075_max,cert_075,max,Справка 075 · Максимум,,oak,required
cert_075_max,cert_075,max,Справка 075 · Максимум,,glu,required
cert_075_max,cert_075,max,Справка 075 · Максимум,,dental,required
cert_075_max,cert_075,max,Справка 075 · Максимум,,dermo,required
cert_075_max,cert_075,max,Справка 075 · Максимум,,biochem,recommended
cert_075_max,cert_075,max,Справка 075 · Максимум,,us_abd,recommended
cert_075_max,cert_075,max,Справка 075 · Максимум,,crp,recommended
cert_075_max,cert_075,max,Справка 075 · Максимум,,tsh,recommended
cert_075_max,cert_075,max,Справка 075 · Максимум,,ferr,optional
cert_075_max,cert_075,max,Справка 075 · Максимум,,vitd,optional
cert_075_max,cert_075,max,Справка 075 · Максимум,,us_thyroid,optional
parents_child_min,parents_child,min,Для родителей · Минимум,,therapy,required
parents_child_min,parents_child,min,Для родителей · Минимум,,oak,required
parents_child_min,parents_child,min,Для родителей · Минимум,,glu,required
parents_child_min,parents_child,min,Для родителей · Минимум,,ecg,required
parents_child_min,parents_child,min,Для родителей · Минимум,,dental,required
parents_child_rec,parents_child,rec,Для родителей · Рекомендуем,,therapy,required
parents_child_rec,parents_child,rec,Для родителей · Рекомендуем,,oak,required
parents_child_rec,parents_child,rec,Для родителей · Рекомендуем,,biochem,recommended
parents_child_rec,parents_child,rec,Для родителей · Рекомендуем,,glu,required
parents_child_rec,parents_child,rec,Для родителей · Рекомендуем,,tsh,recommended
parents_child_rec,parents_child,rec,Для родителей · Рекомендуем,,vitd,recommended
parents_child_rec,parents_child,rec,Для родителей · Рекомендуем,,ecg,required
parents_child_rec,parents_child,rec,Для родителей · Рекомендуем,,fluoro,recommended
parents_child_rec,parents_child,rec,Для родителей · Рекомендуем,,dental,required
parents_child_rec,parents_child,rec,Для родителей · Рекомендуем,,dermo,optional
parents_child_max,parents_child,max,Для родителей · Максимум,,therapy,required
parents_child_max,parents_child,max,Для родителей · Максимум,,oak,required
parents_child_max,parents_child,max,Для родителей · Максимум,,biochem,required
parents_child_max,parents_child,max,Для родителей · Максимум,,glu,required
parents_child_max,parents_child,max,Для родителей · Максимум,,hba1c,optional
parents_child_max,parents_child,max,Для родителей · Максимум,,tsh,recommended
parents_child_max,parents_child,max,Для родителей · Максимум,,t4,optional
parents_child_max,parents_child,max,Для родителей · Максимум,,ferr,recommended
parents_child_max,parents_child,max,Для родителей · Максимум,,vitd,recommended
parents_child_max,parents_child,max,Для родителей · Максимум,,ecg,required
parents_child_max,parents_child,max,Для родителей · Максимум,,us_abd,optional
parents_child_max,parents_child,max,Для родителей · Максимум,,us_thyroid,optional
parents_child_max,parents_child,max,Для родителей · Максимум,,fluoro,recommended
parents_child_max,parents_child,max,Для родителей · Максимум,,dental,required
parents_child_max,parents_child,max,Для родителей · Максимум,,dermo,optional
